10005	un.uomo in camicia rossa e un gilet blu e una donna.
10010	un.uomo in camicia rossa e un gilet blu e una donna.
10088	un.uomo in camicia rossa e un gilet blu e una donna.
10097	un.uomo in camicia rossa e un gilet blu e una donna.
10106	un.uomo in camicia rossa e un gilet blu e una donna.
10124	un.uomo in camicia rossa e un gilet blu e una donna.
10171	un.uomo in camicia rossa e un gilet blu e una donna.
1023	un.uomo in camicia rossa e un gilet blu e una donna.
10235	un.uomo in camicia rossa e un gilet blu e una donna.
10239	un.uomo in camicia rossa e un gilet blu e una donna.
10242	un.uomo in camicia rossa e un gilet blu e una donna.
10287	un.uomo in camicia rossa e un gilet blu e una donna.
1030	un.uomo in camicia rossa e un gilet blu e una donna.
10330	un.uomo in camicia rossa e un gilet blu e una donna.
10376	un.uomo in camicia rossa e un gilet blu e una donna.
10379	un.uomo in camicia rossa e un gilet blu e una donna.
10390	un.uomo in camicia rossa e un gilet blu e una donna.
1044	un.uomo in camicia rossa e un gilet blu e una donna.
10469	un.uomo in camicia rossa e un gilet blu e una donna.
10490	un.uomo in camicia rossa e un gilet blu e una donna.
10499	un.uomo in camicia rossa e un gilet blu e una donna.
10575	un.uomo in camicia rossa e un gilet blu e una donna.
10577	un.uomo in camicia rossa e un gilet blu e una donna.
10620	un.uomo in camicia rossa e un gilet blu e una donna.
10629	un.uomo in camicia rossa e un gilet blu e una donna.
10663	un.uomo in camicia rossa e un gilet blu e una donna.
10666	un.uomo in camicia rossa e un gilet blu e una donna.
10691	un.uomo in camicia rossa e un gilet blu e una donna.
10692	un.uomo in camicia rossa e un gilet blu e una donna.
10693	un.uomo in camicia rossa e un gilet blu e una donna.
1072	un.uomo in camicia rossa e un gilet blu e una donna.
10732	un.uomo in camicia rossa e un gilet blu e una donna.
10788	un.uomo in camicia rossa e un gilet blu e una donna.
10858	un.uomo in camicia rossa e un gilet blu e una donna.
10920	un.uomo in camicia rossa e un gilet blu e una donna.
10925	un.uomo in camicia rossa e un gilet blu e una donna.
11086	un.uomo in camicia rossa e un gilet blu e una donna.
11124	un.uomo in camicia rossa e un gilet blu e una donna.
11137	un.uomo in camicia rossa e un gilet blu e una donna.
11152	un.uomo in camicia rossa e un gilet blu e una donna.
1117	un.uomo in camicia rossa e un gilet blu e una donna.
11207	un.uomo in camicia rossa e un gilet blu e una donna.
11219	un.uomo in camicia rossa e un gilet blu e una donna.
11234	un.uomo in camicia rossa e un gilet blu e una donna.
11239	un.uomo in camicia rossa e un gilet blu e una donna.
11278	un.uomo in camicia rossa e un gilet blu e una donna.
11283	un.uomo in camicia rossa e un gilet blu e una donna.
11363	un.uomo in camicia rossa e un gilet blu e una donna.
11374	un.uomo in camicia rossa e un gilet blu e una donna.
11400	un.uomo in camicia rossa e un gilet blu e una donna.
11423	un.uomo in camicia rossa e un gilet blu e una donna.
11466	un.uomo in camicia rossa e un gilet blu e una donna.
11514	un.uomo in camicia rossa e un gilet blu e una donna.
11516	un.uomo in camicia rossa e un gilet blu e una donna.
11618	un.uomo in camicia rossa e un gilet blu e una donna.
11624	un.uomo in camicia rossa e un gilet blu e una donna.
11656	un.uomo in camicia rossa e un gilet blu e una donna.
11747	un.uomo in camicia rossa e un gilet blu e una donna.
11890	un.uomo in camicia rossa e un gilet blu e una donna.
11897	un.uomo in camicia rossa e un gilet blu e una donna.
11906	un.uomo in camicia rossa e un gilet blu e una donna.
11914	un.uomo in camicia rossa e un gilet blu e una donna.
11939	un.uomo in camicia rossa e un gilet blu e una donna.
1196	un.uomo in camicia rossa e un gilet blu e una donna.
11963	un.uomo in camicia rossa e un gilet blu e una donna.
11979	un.uomo in camicia rossa e un gilet blu e una donna.
1202	un.uomo in camicia rossa e un gilet blu e una donna.
12030	un.uomo in camicia rossa e un gilet blu e una donna.
12053	un.uomo in camicia rossa e un gilet blu e una donna.
12058	un.uomo in camicia rossa e un gilet blu e una donna.
1206	un.uomo in camicia rossa e un gilet blu e una donna.
12077	un.uomo in camicia rossa e un gilet blu e una donna.
12084	un.uomo in camicia rossa e un gilet blu e una donna.
12133	un.uomo in camicia rossa e un gilet blu e una donna.
12178	un.uomo in camicia rossa e un gilet blu e una donna.
12184	un.uomo in camicia rossa e un gilet blu e una donna.
12212	un.uomo in camicia rossa e un gilet blu e una donna.
12245	un.uomo in camicia rossa e un gilet blu e una donna.
12293	un.uomo in camicia rossa e un gilet blu e una donna.
12305	un.uomo in camicia rossa e un gilet blu e una donna.
12334	un.uomo in camicia rossa e un gilet blu e una donna.
12356	un.uomo in camicia rossa e un gilet blu e una donna.
12366	un.uomo in camicia rossa e un gilet blu e una donna.
12375	un.uomo in camicia rossa e un gilet blu e una donna.
124	un.uomo in camicia rossa e un gilet blu e una donna.
12402	un.uomo in camicia rossa e un gilet blu e una donna.
12417	un.uomo in camicia rossa e un gilet blu e una donna.
12427	un.uomo in camicia rossa e un gilet blu e una donna.
12441	un.uomo in camicia rossa e un gilet blu e una donna.
12475	un.uomo in camicia rossa e un gilet blu e una donna.
12486	un.uomo in camicia rossa e un gilet blu e una donna.
12508	un.uomo in camicia rossa e un gilet blu e una donna.
12542	un.uomo in camicia rossa e un gilet blu e una donna.
12706	un.uomo in camicia rossa e un gilet blu e una donna.
12757	un.uomo in camicia rossa e un gilet blu e una donna.
12782	un.uomo in camicia rossa e un gilet blu e una donna.
12813	un.uomo in camicia rossa e un gilet blu e una donna.
1284	un.uomo in camicia rossa e un gilet blu e una donna.
12853	un.uomo in camicia rossa e un gilet blu e una donna.
12865	un.uomo in camicia rossa e un gilet blu e una donna.
12902	un.uomo in camicia rossa e un gilet blu e una donna.
12927	un.uomo in camicia rossa e un gilet blu e una donna.
12947	un.uomo in camicia rossa e un gilet blu e una donna.
12949	un.uomo in camicia rossa e un gilet blu e una donna.
12969	un.uomo in camicia rossa e un gilet blu e una donna.
12994	un.uomo in camicia rossa e un gilet blu e una donna.
1305	un.uomo in camicia rossa e un gilet blu e una donna.
1306	un.uomo in camicia rossa e un gilet blu e una donna.
13085	un.uomo in camicia rossa e un gilet blu e una donna.
1310	un.uomo in camicia rossa e un gilet blu e una donna.
13135	un.uomo in camicia rossa e un gilet blu e una donna.
13170	un.uomo in camicia rossa e un gilet blu e una donna.
13197	un.uomo in camicia rossa e un gilet blu e una donna.
13276	un.uomo in camicia rossa e un gilet blu e una donna.
133	un.uomo in camicia rossa e un gilet blu e una donna.
13302	un.uomo in camicia rossa e un gilet blu e una donna.
13388	un.uomo in camicia rossa e un gilet blu e una donna.
134	un.uomo in camicia rossa e un gilet blu e una donna.
13417	un.uomo in camicia rossa e un gilet blu e una donna.
1343	un.uomo in camicia rossa e un gilet blu e una donna.
13516	un.uomo in camicia rossa e un gilet blu e una donna.
13543	un.uomo in camicia rossa e un gilet blu e una donna.
13566	un.uomo in camicia rossa e un gilet blu e una donna.
1358	un.uomo in camicia rossa e un gilet blu e una donna.
13580	un.uomo in camicia rossa e un gilet blu e una donna.
13629	un.uomo in camicia rossa e un gilet blu e una donna.
13648	un.uomo in camicia rossa e un gilet blu e una donna.
13650	un.uomo in camicia rossa e un gilet blu e una donna.
137	un.uomo in camicia rossa e un gilet blu e una donna.
13724	un.uomo in camicia rossa e un gilet blu e una donna.
13744	un.uomo in camicia rossa e un gilet blu e una donna.
13770	un.uomo in camicia rossa e un gilet blu e una donna.
13785	un.uomo in camicia rossa e un gilet blu e una donna.
13837	un.uomo in camicia rossa e un gilet blu e una donna.
1390	un.uomo in camicia rossa e un gilet blu e una donna.
13916	un.uomo in camicia rossa e un gilet blu e una donna.
13977	un.uomo in camicia rossa e un gilet blu e una donna.
13990	un.uomo in camicia rossa e un gilet blu e una donna.
13992	un.uomo in camicia rossa e un gilet blu e una donna.
1401	un.uomo in camicia rossa e un gilet blu e una donna.
14042	un.uomo in camicia rossa e un gilet blu e una donna.
14048	un.uomo in camicia rossa e un gilet blu e una donna.
14072	un.uomo in camicia rossa e un gilet blu e una donna.
14117	un.uomo in camicia rossa e un gilet blu e una donna.
14134	un.uomo in camicia rossa e un gilet blu e una donna.
14164	un.uomo in camicia rossa e un gilet blu e una donna.
1417	un.uomo in camicia rossa e un gilet blu e una donna.
14221	un.uomo in camicia rossa e un gilet blu e una donna.
14231	un.uomo in camicia rossa e un gilet blu e una donna.
14260	un.uomo in camicia rossa e un gilet blu e una donna.
14316	un.uomo in camicia rossa e un gilet blu e una donna.
14332	un.uomo in camicia rossa e un gilet blu e una donna.
14333	un.uomo in camicia rossa e un gilet blu e una donna.
14337	un.uomo in camicia rossa e un gilet blu e una donna.
14434	un.uomo in camicia rossa e un gilet blu e una donna.
14453	un.uomo in camicia rossa e un gilet blu e una donna.
14479	un.uomo in camicia rossa e un gilet blu e una donna.
14490	un.uomo in camicia rossa e un gilet blu e una donna.
14495	un.uomo in camicia rossa e un gilet blu e una donna.
14558	un.uomo in camicia rossa e un gilet blu e una donna.
14570	un.uomo in camicia rossa e un gilet blu e una donna.
14582	un.uomo in camicia rossa e un gilet blu e una donna.
14596	un.uomo in camicia rossa e un gilet blu e una donna.
14599	un.uomo in camicia rossa e un gilet blu e una donna.
14626	un.uomo in camicia rossa e un gilet blu e una donna.
14690	un.uomo in camicia rossa e un gilet blu e una donna.
14721	un.uomo in camicia rossa e un gilet blu e una donna.
14736	un.uomo in camicia rossa e un gilet blu e una donna.
14773	un.uomo in camicia rossa e un gilet blu e una donna.
14786	un.uomo in camicia rossa e un gilet blu e una donna.
14796	un.uomo in camicia rossa e un gilet blu e una donna.
1480	un.uomo in camicia rossa e un gilet blu e una donna.
14832	un.uomo in camicia rossa e un gilet blu e una donna.
14841	un.uomo in camicia rossa e un gilet blu e una donna.
14941	un.uomo in camicia rossa e un gilet blu e una donna.
14974	un.uomo in camicia rossa e un gilet blu e una donna.
14989	un.uomo in camicia rossa e un gilet blu e una donna.
15004	un.uomo in camicia rossa e un gilet blu e una donna.
15020	un.uomo in camicia rossa e un gilet blu e una donna.
15047	un.uomo in camicia rossa e un gilet blu e una donna.
15061	un.uomo in camicia rossa e un gilet blu e una donna.
15067	un.uomo in camicia rossa e un gilet blu e una donna.
15077	un.uomo in camicia rossa e un gilet blu e una donna.
15138	un.uomo in camicia rossa e un gilet blu e una donna.
15176	un.uomo in camicia rossa e un gilet blu e una donna.
15186	un.uomo in camicia rossa e un gilet blu e una donna.
15219	un.uomo in camicia rossa e un gilet blu e una donna.
15309	un.uomo in camicia rossa e un gilet blu e una donna.
15358	un.uomo in camicia rossa e un gilet blu e una donna.
15374	un.uomo in camicia rossa e un gilet blu e una donna.
15410	un.uomo in camicia rossa e un gilet blu e una donna.
15412	un.uomo in camicia rossa e un gilet blu e una donna.
15448	un.uomo in camicia rossa e un gilet blu e una donna.
15457	un.uomo in camicia rossa e un gilet blu e una donna.
15556	un.uomo in camicia rossa e un gilet blu e una donna.
15588	un.uomo in camicia rossa e un gilet blu e una donna.
15592	un.uomo in camicia rossa e un gilet blu e una donna.
15650	un.uomo in camicia rossa e un gilet blu e una donna.
15674	un.uomo in camicia rossa e un gilet blu e una donna.
15759	un.uomo in camicia rossa e un gilet blu e una donna.
1576	un.uomo in camicia rossa e un gilet blu e una donna.
15774	un.uomo in camicia rossa e un gilet blu e una donna.
15792	un.uomo in camicia rossa e un gilet blu e una donna.
15809	un.uomo in camicia rossa e un gilet blu e una donna.
15834	un.uomo in camicia rossa e un gilet blu e una donna.
15875	un.uomo in camicia rossa e un gilet blu e una donna.
15878	un.uomo in camicia rossa e un gilet blu e una donna.
1594	un.uomo in camicia rossa e un gilet blu e una donna.
15974	un.uomo in camicia rossa e un gilet blu e una donna.
16004	un.uomo in camicia rossa e un gilet blu e una donna.
16010	un.uomo in camicia rossa e un gilet blu e una donna.
16018	un.uomo in camicia rossa e un gilet blu e una donna.
16048	un.uomo in camicia rossa e un gilet blu e una donna.
16049	un.uomo in camicia rossa e un gilet blu e una donna.
16063	un.uomo in camicia rossa e un gilet blu e una donna.
16070	un.uomo in camicia rossa e un gilet blu e una donna.
16090	un.uomo in camicia rossa e un gilet blu e una donna.
1610	un.uomo in camicia rossa e un gilet blu e una donna.
16124	un.uomo in camicia rossa e un gilet blu e una donna.
16191	un.uomo in camicia rossa e un gilet blu e una donna.
16199	un.uomo in camicia rossa e un gilet blu e una donna.
16347	un.uomo in camicia rossa e un gilet blu e una donna.
16381	un.uomo in camicia rossa e un gilet blu e una donna.
16395	un.uomo in camicia rossa e un gilet blu e una donna.
16416	un.uomo in camicia rossa e un gilet blu e una donna.
16421	un.uomo in camicia rossa e un gilet blu e una donna.
16455	un.uomo in camicia rossa e un gilet blu e una donna.
16458	un.uomo in camicia rossa e un gilet blu e una donna.
1646	un.uomo in camicia rossa e un gilet blu e una donna.
16532	un.uomo in camicia rossa e un gilet blu e una donna.
16600	un.uomo in camicia rossa e un gilet blu e una donna.
16631	un.uomo in camicia rossa e un gilet blu e una donna.
16638	un.uomo in camicia rossa e un gilet blu e una donna.
16715	un.uomo in camicia rossa e un gilet blu e una donna.
16739	un.uomo in camicia rossa e un gilet blu e una donna.
16773	un.uomo in camicia rossa e un gilet blu e una donna.
16810	un.uomo in camicia rossa e un gilet blu e una donna.
16871	un.uomo in camicia rossa e un gilet blu e una donna.
16880	un.uomo in camicia rossa e un gilet blu e una donna.
16888	un.uomo in camicia rossa e un gilet blu e una donna.
16938	un.uomo in camicia rossa e un gilet blu e una donna.
16989	un.uomo in camicia rossa e un gilet blu e una donna.
16992	un.uomo in camicia rossa e un gilet blu e una donna.
16996	un.uomo in camicia rossa e un gilet blu e una donna.
17031	un.uomo in camicia rossa e un gilet blu e una donna.
17037	un.uomo in camicia rossa e un gilet blu e una donna.
17045	un.uomo in camicia rossa e un gilet blu e una donna.
17057	un.uomo in camicia rossa e un gilet blu e una donna.
17071	un.uomo in camicia rossa e un gilet blu e una donna.
17109	un.uomo in camicia rossa e un gilet blu e una donna.
17121	un.uomo in camicia rossa e un gilet blu e una donna.
17177	un.uomo in camicia rossa e un gilet blu e una donna.
17194	un.uomo in camicia rossa e un gilet blu e una donna.
17202	un.uomo in camicia rossa e un gilet blu e una donna.
17208	un.uomo in camicia rossa e un gilet blu e una donna.
1723	un.uomo in camicia rossa e un gilet blu e una donna.
17250	un.uomo in camicia rossa e un gilet blu e una donna.
17338	un.uomo in camicia rossa e un gilet blu e una donna.
17346	un.uomo in camicia rossa e un gilet blu e una donna.
17347	un.uomo in camicia rossa e un gilet blu e una donna.
17376	un.uomo in camicia rossa e un gilet blu e una donna.
17468	un.uomo in camicia rossa e un gilet blu e una donna.
17483	un.uomo in camicia rossa e un gilet blu e una donna.
17497	un.uomo in camicia rossa e un gilet blu e una donna.
17510	un.uomo in camicia rossa e un gilet blu e una donna.
17533	un.uomo in camicia rossa e un gilet blu e una donna.
17573	un.uomo in camicia rossa e un gilet blu e una donna.
17603	un.uomo in camicia rossa e un gilet blu e una donna.
17615	un.uomo in camicia rossa e un gilet blu e una donna.
17630	un.uomo in camicia rossa e un gilet blu e una donna.
17652	un.uomo in camicia rossa e un gilet blu e una donna.
17655	un.uomo in camicia rossa e un gilet blu e una donna.
17661	un.uomo in camicia rossa e un gilet blu e una donna.
17669	un.uomo in camicia rossa e un gilet blu e una donna.
17673	un.uomo in camicia rossa e un gilet blu e una donna.
17708	un.uomo in camicia rossa e un gilet blu e una donna.
1771	un.uomo in camicia rossa e un gilet blu e una donna.
17714	un.uomo in camicia rossa e un gilet blu e una donna.
17731	un.uomo in camicia rossa e un gilet blu e una donna.
17733	un.uomo in camicia rossa e un gilet blu e una donna.
17750	un.uomo in camicia rossa e un gilet blu e una donna.
17772	un.uomo in camicia rossa e un gilet blu e una donna.
17822	un.uomo in camicia rossa e un gilet blu e una donna.
17823	un.uomo in camicia rossa e un gilet blu e una donna.
17903	un.uomo in camicia rossa e un gilet blu e una donna.
17933	un.uomo in camicia rossa e un gilet blu e una donna.
17940	un.uomo in camicia rossa e un gilet blu e una donna.
17945	un.uomo in camicia rossa e un gilet blu e una donna.
17963	un.uomo in camicia rossa e un gilet blu e una donna.
17978	un.uomo in camicia rossa e un gilet blu e una donna.
17983	un.uomo in camicia rossa e un gilet blu e una donna.
17997	un.uomo in camicia rossa e un gilet blu e una donna.
18028	un.uomo in camicia rossa e un gilet blu e una donna.
18061	un.uomo in camicia rossa e un gilet blu e una donna.
18146	un.uomo in camicia rossa e un gilet blu e una donna.
18155	un.uomo in camicia rossa e un gilet blu e una donna.
1821	un.uomo in camicia rossa e un gilet blu e una donna.
18250	un.uomo in camicia rossa e un gilet blu e una donna.
18310	un.uomo in camicia rossa e un gilet blu e una donna.
18318	un.uomo in camicia rossa e un gilet blu e una donna.
1833	un.uomo in camicia rossa e un gilet blu e una donna.
18418	un.uomo in camicia rossa e un gilet blu e una donna.
18419	un.uomo in camicia rossa e un gilet blu e una donna.
18425	un.uomo in camicia rossa e un gilet blu e una donna.
18426	un.uomo in camicia rossa e un gilet blu e una donna.
18448	un.uomo in camicia rossa e un gilet blu e una donna.
18499	un.uomo in camicia rossa e un gilet blu e una donna.
18532	un.uomo in camicia rossa e un gilet blu e una donna.
18584	un.uomo in camicia rossa e un gilet blu e una donna.
18666	un.uomo in camicia rossa e un gilet blu e una donna.
18723	un.uomo in camicia rossa e un gilet blu e una donna.
18731	un.uomo in camicia rossa e un gilet blu e una donna.
18764	un.uomo in camicia rossa e un gilet blu e una donna.
18820	un.uomo in camicia rossa e un gilet blu e una donna.
1895	un.uomo in camicia rossa e un gilet blu e una donna.
18979	un.uomo in camicia rossa e un gilet blu e una donna.
18994	un.uomo in camicia rossa e un gilet blu e una donna.
18998	un.uomo in camicia rossa e un gilet blu e una donna.
19005	un.uomo in camicia rossa e un gilet blu e una donna.
19027	un.uomo in camicia rossa e un gilet blu e una donna.
19037	un.uomo in camicia rossa e un gilet blu e una donna.
19071	un.uomo in camicia rossa e un gilet blu e una donna.
19075	un.uomo in camicia rossa e un gilet blu e una donna.
19122	un.uomo in camicia rossa e un gilet blu e una donna.
19162	un.uomo in camicia rossa e un gilet blu e una donna.
19174	un.uomo in camicia rossa e un gilet blu e una donna.
19247	un.uomo in camicia rossa e un gilet blu e una donna.
19263	un.uomo in camicia rossa e un gilet blu e una donna.
19277	un.uomo in camicia rossa e un gilet blu e una donna.
19348	un.uomo in camicia rossa e un gilet blu e una donna.
19354	un.uomo in camicia rossa e un gilet blu e una donna.
19356	un.uomo in camicia rossa e un gilet blu e una donna.
19373	un.uomo in camicia rossa e un gilet blu e una donna.
19384	un.uomo in camicia rossa e un gilet blu e una donna.
19435	un.uomo in camicia rossa e un gilet blu e una donna.
19471	un.uomo in camicia rossa e un gilet blu e una donna.
19478	un.uomo in camicia rossa e un gilet blu e una donna.
19508	un.uomo in camicia rossa e un gilet blu e una donna.
19523	un.uomo in camicia rossa e un gilet blu e una donna.
19545	un.uomo in camicia rossa e un gilet blu e una donna.
19555	un.uomo in camicia rossa e un gilet blu e una donna.
19609	un.uomo in camicia rossa e un gilet blu e una donna.
19624	un.uomo in camicia rossa e un gilet blu e una donna.
19639	un.uomo in camicia rossa e un gilet blu e una donna.
19643	un.uomo in camicia rossa e un gilet blu e una donna.
19724	un.uomo in camicia rossa e un gilet blu e una donna.
19738	un.uomo in camicia rossa e un gilet blu e una donna.
19772	un.uomo in camicia rossa e un gilet blu e una donna.
1981	un.uomo in camicia rossa e un gilet blu e una donna.
1983	un.uomo in camicia rossa e un gilet blu e una donna.
19830	un.uomo in camicia rossa e un gilet blu e una donna.
19834	un.uomo in camicia rossa e un gilet blu e una donna.
19838	un.uomo in camicia rossa e un gilet blu e una donna.
1984	un.uomo in camicia rossa e un gilet blu e una donna.
19857	un.uomo in camicia rossa e un gilet blu e una donna.
19867	un.uomo in camicia rossa e un gilet blu e una donna.
1987	un.uomo in camicia rossa e un gilet blu e una donna.
19896	un.uomo in camicia rossa e un gilet blu e una donna.
199	un.uomo in camicia rossa e un gilet blu e una donna.
19910	un.uomo in camicia rossa e un gilet blu e una donna.
19929	un.uomo in camicia rossa e un gilet blu e una donna.
20005	un.uomo in camicia rossa e un gilet blu e una donna.
20016	un.uomo in camicia rossa e un gilet blu e una donna.
20071	un.uomo in camicia rossa e un gilet blu e una donna.
20103	un.uomo in camicia rossa e un gilet blu e una donna.
20139	un.uomo in camicia rossa e un gilet blu e una donna.
20154	un.uomo in camicia rossa e un gilet blu e una donna.
20229	un.uomo in camicia rossa e un gilet blu e una donna.
20240	un.uomo in camicia rossa e un gilet blu e una donna.
20248	un.uomo in camicia rossa e un gilet blu e una donna.
20297	un.uomo in camicia rossa e un gilet blu e una donna.
20302	un.uomo in camicia rossa e un gilet blu e una donna.
20390	un.uomo in camicia rossa e un gilet blu e una donna.
2044	un.uomo in camicia rossa e un gilet blu e una donna.
20448	un.uomo in camicia rossa e un gilet blu e una donna.
20457	un.uomo in camicia rossa e un gilet blu e una donna.
20459	un.uomo in camicia rossa e un gilet blu e una donna.
20507	un.uomo in camicia rossa e un gilet blu e una donna.
2054	un.uomo in camicia rossa e un gilet blu e una donna.
20562	un.uomo in camicia rossa e un gilet blu e una donna.
20592	un.uomo in camicia rossa e un gilet blu e una donna.
20640	un.uomo in camicia rossa e un gilet blu e una donna.
20656	un.uomo in camicia rossa e un gilet blu e una donna.
20682	un.uomo in camicia rossa e un gilet blu e una donna.
20709	un.uomo in camicia rossa e un gilet blu e una donna.
20740	un.uomo in camicia rossa e un gilet blu e una donna.
20821	un.uomo in camicia rossa e un gilet blu e una donna.
20832	un.uomo in camicia rossa e un gilet blu e una donna.
20858	un.uomo in camicia rossa e un gilet blu e una donna.
20891	un.uomo in camicia rossa e un gilet blu e una donna.
20898	un.uomo in camicia rossa e un gilet blu e una donna.
20932	un.uomo in camicia rossa e un gilet blu e una donna.
20934	un.uomo in camicia rossa e un gilet blu e una donna.
20946	un.uomo in camicia rossa e un gilet blu e una donna.
20981	un.uomo in camicia rossa e un gilet blu e una donna.
2103	un.uomo in camicia rossa e un gilet blu e una donna.
21067	un.uomo in camicia rossa e un gilet blu e una donna.
21105	un.uomo in camicia rossa e un gilet blu e una donna.
2112	un.uomo in camicia rossa e un gilet blu e una donna.
21121	un.uomo in camicia rossa e un gilet blu e una donna.
21127	un.uomo in camicia rossa e un gilet blu e una donna.
2113	un.uomo in camicia rossa e un gilet blu e una donna.
21187	un.uomo in camicia rossa e un gilet blu e una donna.
21219	un.uomo in camicia rossa e un gilet blu e una donna.
21222	un.uomo in camicia rossa e un gilet blu e una donna.
2124	un.uomo in camicia rossa e un gilet blu e una donna.
2130	un.uomo in camicia rossa e un gilet blu e una donna.
21301	un.uomo in camicia rossa e un gilet blu e una donna.
2131	un.uomo in camicia rossa e un gilet blu e una donna.
21335	un.uomo in camicia rossa e un gilet blu e una donna.
21381	un.uomo in camicia rossa e un gilet blu e una donna.
2139	un.uomo in camicia rossa e un gilet blu e una donna.
21423	un.uomo in camicia rossa e un gilet blu e una donna.
21498	un.uomo in camicia rossa e un gilet blu e una donna.
21510	un.uomo in camicia rossa e un gilet blu e una donna.
21530	un.uomo in camicia rossa e un gilet blu e una donna.
21544	un.uomo in camicia rossa e un gilet blu e una donna.
21580	un.uomo in camicia rossa e un gilet blu e una donna.
21597	un.uomo in camicia rossa e un gilet blu e una donna.
2161	un.uomo in camicia rossa e un gilet blu e una donna.
21635	un.uomo in camicia rossa e un gilet blu e una donna.
21696	un.uomo in camicia rossa e un gilet blu e una donna.
21725	un.uomo in camicia rossa e un gilet blu e una donna.
21764	un.uomo in camicia rossa e un gilet blu e una donna.
21778	un.uomo in camicia rossa e un gilet blu e una donna.
21799	un.uomo in camicia rossa e un gilet blu e una donna.
2180	un.uomo in camicia rossa e un gilet blu e una donna.
219	un.uomo in camicia rossa e un gilet blu e una donna.
21900	un.uomo in camicia rossa e un gilet blu e una donna.
2197	un.uomo in camicia rossa e un gilet blu e una donna.
21996	un.uomo in camicia rossa e un gilet blu e una donna.
22042	un.uomo in camicia rossa e un gilet blu e una donna.
22067	un.uomo in camicia rossa e un gilet blu e una donna.
22078	un.uomo in camicia rossa e un gilet blu e una donna.
22098	un.uomo in camicia rossa e un gilet blu e una donna.
22115	un.uomo in camicia rossa e un gilet blu e una donna.
22118	un.uomo in camicia rossa e un gilet blu e una donna.
22145	un.uomo in camicia rossa e un gilet blu e una donna.
22163	un.uomo in camicia rossa e un gilet blu e una donna.
22193	un.uomo in camicia rossa e un gilet blu e una donna.
222	un.uomo in camicia rossa e un gilet blu e una donna.
22223	un.uomo in camicia rossa e un gilet blu e una donna.
22254	un.uomo in camicia rossa e un gilet blu e una donna.
22258	un.uomo in camicia rossa e un gilet blu e una donna.
22317	un.uomo in camicia rossa e un gilet blu e una donna.
22327	un.uomo in camicia rossa e un gilet blu e una donna.
22334	un.uomo in camicia rossa e un gilet blu e una donna.
22339	un.uomo in camicia rossa e un gilet blu e una donna.
22341	un.uomo in camicia rossa e un gilet blu e una donna.
22383	un.uomo in camicia rossa e un gilet blu e una donna.
22387	un.uomo in camicia rossa e un gilet blu e una donna.
22389	un.uomo in camicia rossa e un gilet blu e una donna.
22419	un.uomo in camicia rossa e un gilet blu e una donna.
22425	un.uomo in camicia rossa e un gilet blu e una donna.
22440	un.uomo in camicia rossa e un gilet blu e una donna.
22476	un.uomo in camicia rossa e un gilet blu e una donna.
22478	un.uomo in camicia rossa e un gilet blu e una donna.
22548	un.uomo in camicia rossa e un gilet blu e una donna.
22554	un.uomo in camicia rossa e un gilet blu e una donna.
22594	un.uomo in camicia rossa e un gilet blu e una donna.
2260	un.uomo in camicia rossa e un gilet blu e una donna.
22613	un.uomo in camicia rossa e un gilet blu e una donna.
2265	un.uomo in camicia rossa e un gilet blu e una donna.
22651	un.uomo in camicia rossa e un gilet blu e una donna.
22678	un.uomo in camicia rossa e un gilet blu e una donna.
22751	un.uomo in camicia rossa e un gilet blu e una donna.
22755	un.uomo in camicia rossa e un gilet blu e una donna.
22776	un.uomo in camicia rossa e un gilet blu e una donna.
22778	un.uomo in camicia rossa e un gilet blu e una donna.
22788	un.uomo in camicia rossa e un gilet blu e una donna.
228	un.uomo in camicia rossa e un gilet blu e una donna.
22835	un.uomo in camicia rossa e un gilet blu e una donna.
22847	un.uomo in camicia rossa e un gilet blu e una donna.
22860	un.uomo in camicia rossa e un gilet blu e una donna.
22865	un.uomo in camicia rossa e un gilet blu e una donna.
22870	un.uomo in camicia rossa e un gilet blu e una donna.
22886	un.uomo in camicia rossa e un gilet blu e una donna.
22892	un.uomo in camicia rossa e un gilet blu e una donna.
22953	un.uomo in camicia rossa e un gilet blu e una donna.
22956	un.uomo in camicia rossa e un gilet blu e una donna.
22968	un.uomo in camicia rossa e un gilet blu e una donna.
22994	un.uomo in camicia rossa e un gilet blu e una donna.
22998	un.uomo in camicia rossa e un gilet blu e una donna.
23006	un.uomo in camicia rossa e un gilet blu e una donna.
23065	un.uomo in camicia rossa e un gilet blu e una donna.
23070	un.uomo in camicia rossa e un gilet blu e una donna.
23091	un.uomo in camicia rossa e un gilet blu e una donna.
23098	un.uomo in camicia rossa e un gilet blu e una donna.
23099	un.uomo in camicia rossa e un gilet blu e una donna.
23107	un.uomo in camicia rossa e un gilet blu e una donna.
23115	un.uomo in camicia rossa e un gilet blu e una donna.
23128	un.uomo in camicia rossa e un gilet blu e una donna.
23144	un.uomo in camicia rossa e un gilet blu e una donna.
23164	un.uomo in camicia rossa e un gilet blu e una donna.
2319	un.uomo in camicia rossa e un gilet blu e una donna.
23205	un.uomo in camicia rossa e un gilet blu e una donna.
23240	un.uomo in camicia rossa e un gilet blu e una donna.
23252	un.uomo in camicia rossa e un gilet blu e una donna.
23280	un.uomo in camicia rossa e un gilet blu e una donna.
2330	un.uomo in camicia rossa e un gilet blu e una donna.
23345	un.uomo in camicia rossa e un gilet blu e una donna.
23346	un.uomo in camicia rossa e un gilet blu e una donna.
23351	un.uomo in camicia rossa e un gilet blu e una donna.
23502	un.uomo in camicia rossa e un gilet blu e una donna.
23509	un.uomo in camicia rossa e un gilet blu e una donna.
23560	un.uomo in camicia rossa e un gilet blu e una donna.
23617	un.uomo in camicia rossa e un gilet blu e una donna.
23686	un.uomo in camicia rossa e un gilet blu e una donna.
23713	un.uomo in camicia rossa e un gilet blu e una donna.
23724	un.uomo in camicia rossa e un gilet blu e una donna.
23756	un.uomo in camicia rossa e un gilet blu e una donna.
23758	un.uomo in camicia rossa e un gilet blu e una donna.
23790	un.uomo in camicia rossa e un gilet blu e una donna.
23827	un.uomo in camicia rossa e un gilet blu e una donna.
23850	un.uomo in camicia rossa e un gilet blu e una donna.
23863	un.uomo in camicia rossa e un gilet blu e una donna.
23957	un.uomo in camicia rossa e un gilet blu e una donna.
23965	un.uomo in camicia rossa e un gilet blu e una donna.
23986	un.uomo in camicia rossa e un gilet blu e una donna.
24043	un.uomo in camicia rossa e un gilet blu e una donna.
24071	un.uomo in camicia rossa e un gilet blu e una donna.
24095	un.uomo in camicia rossa e un gilet blu e una donna.
2410	un.uomo in camicia rossa e un gilet blu e una donna.
2412	un.uomo in camicia rossa e un gilet blu e una donna.
24145	un.uomo in camicia rossa e un gilet blu e una donna.
24169	un.uomo in camicia rossa e un gilet blu e una donna.
24181	un.uomo in camicia rossa e un gilet blu e una donna.
24244	un.uomo in camicia rossa e un gilet blu e una donna.
24271	un.uomo in camicia rossa e un gilet blu e una donna.
24277	un.uomo in camicia rossa e un gilet blu e una donna.
2429	un.uomo in camicia rossa e un gilet blu e una donna.
24315	un.uomo in camicia rossa e un gilet blu e una donna.
24327	un.uomo in camicia rossa e un gilet blu e una donna.
2433	un.uomo in camicia rossa e un gilet blu e una donna.
24350	un.uomo in camicia rossa e un gilet blu e una donna.
24425	un.uomo in camicia rossa e un gilet blu e una donna.
24457	un.uomo in camicia rossa e un gilet blu e una donna.
24476	un.uomo in camicia rossa e un gilet blu e una donna.
24495	un.uomo in camicia rossa e un gilet blu e una donna.
24517	un.uomo in camicia rossa e un gilet blu e una donna.
24521	un.uomo in camicia rossa e un gilet blu e una donna.
24535	un.uomo in camicia rossa e un gilet blu e una donna.
24545	un.uomo in camicia rossa e un gilet blu e una donna.
2458	un.uomo in camicia rossa e un gilet blu e una donna.
246	un.uomo in camicia rossa e un gilet blu e una donna.
24624	un.uomo in camicia rossa e un gilet blu e una donna.
24777	un.uomo in camicia rossa e un gilet blu e una donna.
24806	un.uomo in camicia rossa e un gilet blu e una donna.
24829	un.uomo in camicia rossa e un gilet blu e una donna.
24836	un.uomo in camicia rossa e un gilet blu e una donna.
24846	un.uomo in camicia rossa e un gilet blu e una donna.
24863	un.uomo in camicia rossa e un gilet blu e una donna.
24974	un.uomo in camicia rossa e un gilet blu e una donna.
25	un.uomo in camicia rossa e un gilet blu e una donna.
25058	un.uomo in camicia rossa e un gilet blu e una donna.
25069	un.uomo in camicia rossa e un gilet blu e una donna.
25133	un.uomo in camicia rossa e un gilet blu e una donna.
25149	un.uomo in camicia rossa e un gilet blu e una donna.
25188	un.uomo in camicia rossa e un gilet blu e una donna.
2523	un.uomo in camicia rossa e un gilet blu e una donna.
25235	un.uomo in camicia rossa e un gilet blu e una donna.
25315	un.uomo in camicia rossa e un gilet blu e una donna.
25316	un.uomo in camicia rossa e un gilet blu e una donna.
25376	un.uomo in camicia rossa e un gilet blu e una donna.
25456	un.uomo in camicia rossa e un gilet blu e una donna.
25470	un.uomo in camicia rossa e un gilet blu e una donna.
25479	un.uomo in camicia rossa e un gilet blu e una donna.
25494	un.uomo in camicia rossa e un gilet blu e una donna.
2551	un.uomo in camicia rossa e un gilet blu e una donna.
25516	un.uomo in camicia rossa e un gilet blu e una donna.
25525	un.uomo in camicia rossa e un gilet blu e una donna.
25541	un.uomo in camicia rossa e un gilet blu e una donna.
25554	un.uomo in camicia rossa e un gilet blu e una donna.
25583	un.uomo in camicia rossa e un gilet blu e una donna.
25626	un.uomo in camicia rossa e un gilet blu e una donna.
25637	un.uomo in camicia rossa e un gilet blu e una donna.
2572	un.uomo in camicia rossa e un gilet blu e una donna.
25753	un.uomo in camicia rossa e un gilet blu e una donna.
25763	un.uomo in camicia rossa e un gilet blu e una donna.
25776	un.uomo in camicia rossa e un gilet blu e una donna.
25795	un.uomo in camicia rossa e un gilet blu e una donna.
25819	un.uomo in camicia rossa e un gilet blu e una donna.
25820	un.uomo in camicia rossa e un gilet blu e una donna.
259	un.uomo in camicia rossa e un gilet blu e una donna.
25918	un.uomo in camicia rossa e un gilet blu e una donna.
25952	un.uomo in camicia rossa e un gilet blu e una donna.
25986	un.uomo in camicia rossa e un gilet blu e una donna.
25987	un.uomo in camicia rossa e un gilet blu e una donna.
2600	un.uomo in camicia rossa e un gilet blu e una donna.
26015	un.uomo in camicia rossa e un gilet blu e una donna.
26039	un.uomo in camicia rossa e un gilet blu e una donna.
26049	un.uomo in camicia rossa e un gilet blu e una donna.
26050	un.uomo in camicia rossa e un gilet blu e una donna.
26084	un.uomo in camicia rossa e un gilet blu e una donna.
26094	un.uomo in camicia rossa e un gilet blu e una donna.
26133	un.uomo in camicia rossa e un gilet blu e una donna.
26142	un.uomo in camicia rossa e un gilet blu e una donna.
2615	un.uomo in camicia rossa e un gilet blu e una donna.
26160	un.uomo in camicia rossa e un gilet blu e una donna.
26256	un.uomo in camicia rossa e un gilet blu e una donna.
26352	un.uomo in camicia rossa e un gilet blu e una donna.
26366	un.uomo in camicia rossa e un gilet blu e una donna.
26370	un.uomo in camicia rossa e un gilet blu e una donna.
26377	un.uomo in camicia rossa e un gilet blu e una donna.
26393	un.uomo in camicia rossa e un gilet blu e una donna.
26407	un.uomo in camicia rossa e un gilet blu e una donna.
26411	un.uomo in camicia rossa e un gilet blu e una donna.
26419	un.uomo in camicia rossa e un gilet blu e una donna.
26440	un.uomo in camicia rossa e un gilet blu e una donna.
26446	un.uomo in camicia rossa e un gilet blu e una donna.
26512	un.uomo in camicia rossa e un gilet blu e una donna.
26536	un.uomo in camicia rossa e un gilet blu e una donna.
26598	un.uomo in camicia rossa e un gilet blu e una donna.
26615	un.uomo in camicia rossa e un gilet blu e una donna.
26618	un.uomo in camicia rossa e un gilet blu e una donna.
26645	un.uomo in camicia rossa e un gilet blu e una donna.
26682	un.uomo in camicia rossa e un gilet blu e una donna.
26697	un.uomo in camicia rossa e un gilet blu e una donna.
2678	un.uomo in camicia rossa e un gilet blu e una donna.
26806	un.uomo in camicia rossa e un gilet blu e una donna.
26843	un.uomo in camicia rossa e un gilet blu e una donna.
26846	un.uomo in camicia rossa e un gilet blu e una donna.
2690	un.uomo in camicia rossa e un gilet blu e una donna.
26906	un.uomo in camicia rossa e un gilet blu e una donna.
26922	un.uomo in camicia rossa e un gilet blu e una donna.
26946	un.uomo in camicia rossa e un gilet blu e una donna.
26969	un.uomo in camicia rossa e un gilet blu e una donna.
26982	un.uomo in camicia rossa e un gilet blu e una donna.
26984	un.uomo in camicia rossa e un gilet blu e una donna.
26998	un.uomo in camicia rossa e un gilet blu e una donna.
27025	un.uomo in camicia rossa e un gilet blu e una donna.
27048	un.uomo in camicia rossa e un gilet blu e una donna.
27168	un.uomo in camicia rossa e un gilet blu e una donna.
27238	un.uomo in camicia rossa e un gilet blu e una donna.
27240	un.uomo in camicia rossa e un gilet blu e una donna.
27250	un.uomo in camicia rossa e un gilet blu e una donna.
27303	un.uomo in camicia rossa e un gilet blu e una donna.
27321	un.uomo in camicia rossa e un gilet blu e una donna.
27391	un.uomo in camicia rossa e un gilet blu e una donna.
27457	un.uomo in camicia rossa e un gilet blu e una donna.
27495	un.uomo in camicia rossa e un gilet blu e una donna.
27636	un.uomo in camicia rossa e un gilet blu e una donna.
27671	un.uomo in camicia rossa e un gilet blu e una donna.
27682	un.uomo in camicia rossa e un gilet blu e una donna.
27726	un.uomo in camicia rossa e un gilet blu e una donna.
27733	un.uomo in camicia rossa e un gilet blu e una donna.
27804	un.uomo in camicia rossa e un gilet blu e una donna.
27817	un.uomo in camicia rossa e un gilet blu e una donna.
27830	un.uomo in camicia rossa e un gilet blu e una donna.
27863	un.uomo in camicia rossa e un gilet blu e una donna.
27872	un.uomo in camicia rossa e un gilet blu e una donna.
2788	un.uomo in camicia rossa e un gilet blu e una donna.
279	un.uomo in camicia rossa e un gilet blu e una donna.
27988	un.uomo in camicia rossa e un gilet blu e una donna.
28005	un.uomo in camicia rossa e un gilet blu e una donna.
28026	un.uomo in camicia rossa e un gilet blu e una donna.
2803	un.uomo in camicia rossa e un gilet blu e una donna.
28041	un.uomo in camicia rossa e un gilet blu e una donna.
28042	un.uomo in camicia rossa e un gilet blu e una donna.
28057	un.uomo in camicia rossa e un gilet blu e una donna.
28063	un.uomo in camicia rossa e un gilet blu e una donna.
28066	un.uomo in camicia rossa e un gilet blu e una donna.
28067	un.uomo in camicia rossa e un gilet blu e una donna.
28068	un.uomo in camicia rossa e un gilet blu e una donna.
28113	un.uomo in camicia rossa e un gilet blu e una donna.
28123	un.uomo in camicia rossa e un gilet blu e una donna.
28139	un.uomo in camicia rossa e un gilet blu e una donna.
28142	un.uomo in camicia rossa e un gilet blu e una donna.
28240	un.uomo in camicia rossa e un gilet blu e una donna.
28246	un.uomo in camicia rossa e un gilet blu e una donna.
28328	un.uomo in camicia rossa e un gilet blu e una donna.
28389	un.uomo in camicia rossa e un gilet blu e una donna.
28470	un.uomo in camicia rossa e un gilet blu e una donna.
2848	un.uomo in camicia rossa e un gilet blu e una donna.
28480	un.uomo in camicia rossa e un gilet blu e una donna.
2851	un.uomo in camicia rossa e un gilet blu e una donna.
28570	un.uomo in camicia rossa e un gilet blu e una donna.
28582	un.uomo in camicia rossa e un gilet blu e una donna.
28605	un.uomo in camicia rossa e un gilet blu e una donna.
28661	un.uomo in camicia rossa e un gilet blu e una donna.
28662	un.uomo in camicia rossa e un gilet blu e una donna.
28694	un.uomo in camicia rossa e un gilet blu e una donna.
28767	un.uomo in camicia rossa e un gilet blu e una donna.
28819	un.uomo in camicia rossa e un gilet blu e una donna.
28827	un.uomo in camicia rossa e un gilet blu e una donna.
28873	un.uomo in camicia rossa e un gilet blu e una donna.
28879	un.uomo in camicia rossa e un gilet blu e una donna.
28885	un.uomo in camicia rossa e un gilet blu e una donna.
28893	un.uomo in camicia rossa e un gilet blu e una donna.
28923	un.uomo in camicia rossa e un gilet blu e una donna.
28955	un.uomo in camicia rossa e un gilet blu e una donna.
28966	un.uomo in camicia rossa e un gilet blu e una donna.
28978	un.uomo in camicia rossa e un gilet blu e una donna.
29010	un.uomo in camicia rossa e un gilet blu e una donna.
29043	un.uomo in camicia rossa e un gilet blu e una donna.
2906	un.uomo in camicia rossa e un gilet blu e una donna.
29084	un.uomo in camicia rossa e un gilet blu e una donna.
29087	un.uomo in camicia rossa e un gilet blu e una donna.
2909	un.uomo in camicia rossa e un gilet blu e una donna.
29108	un.uomo in camicia rossa e un gilet blu e una donna.
29177	un.uomo in camicia rossa e un gilet blu e una donna.
29185	un.uomo in camicia rossa e un gilet blu e una donna.
29197	un.uomo in camicia rossa e un gilet blu e una donna.
29250	un.uomo in camicia rossa e un gilet blu e una donna.
29301	un.uomo in camicia rossa e un gilet blu e una donna.
29323	un.uomo in camicia rossa e un gilet blu e una donna.
29352	un.uomo in camicia rossa e un gilet blu e una donna.
29354	un.uomo in camicia rossa e un gilet blu e una donna.
29357	un.uomo in camicia rossa e un gilet blu e una donna.
29364	un.uomo in camicia rossa e un gilet blu e una donna.
29380	un.uomo in camicia rossa e un gilet blu e una donna.
29424	un.uomo in camicia rossa e un gilet blu e una donna.
29480	un.uomo in camicia rossa e un gilet blu e una donna.
29489	un.uomo in camicia rossa e un gilet blu e una donna.
29508	un.uomo in camicia rossa e un gilet blu e una donna.
2955	un.uomo in camicia rossa e un gilet blu e una donna.
2956	un.uomo in camicia rossa e un gilet blu e una donna.
29608	un.uomo in camicia rossa e un gilet blu e una donna.
29629	un.uomo in camicia rossa e un gilet blu e una donna.
29632	un.uomo in camicia rossa e un gilet blu e una donna.
29636	un.uomo in camicia rossa e un gilet blu e una donna.
29754	un.uomo in camicia rossa e un gilet blu e una donna.
29772	un.uomo in camicia rossa e un gilet blu e una donna.
29791	un.uomo in camicia rossa e un gilet blu e una donna.
29830	un.uomo in camicia rossa e un gilet blu e una donna.
29862	un.uomo in camicia rossa e un gilet blu e una donna.
29916	un.uomo in camicia rossa e un gilet blu e una donna.
29944	un.uomo in camicia rossa e un gilet blu e una donna.
29952	un.uomo in camicia rossa e un gilet blu e una donna.
30065	un.uomo in camicia rossa e un gilet blu e una donna.
3008	un.uomo in camicia rossa e un gilet blu e una donna.
30105	un.uomo in camicia rossa e un gilet blu e una donna.
30111	un.uomo in camicia rossa e un gilet blu e una donna.
30201	un.uomo in camicia rossa e un gilet blu e una donna.
30236	un.uomo in camicia rossa e un gilet blu e una donna.
30283	un.uomo in camicia rossa e un gilet blu e una donna.
30285	un.uomo in camicia rossa e un gilet blu e una donna.
30384	un.uomo in camicia rossa e un gilet blu e una donna.
304	un.uomo in camicia rossa e un gilet blu e una donna.
30456	un.uomo in camicia rossa e un gilet blu e una donna.
30480	un.uomo in camicia rossa e un gilet blu e una donna.
30494	un.uomo in camicia rossa e un gilet blu e una donna.
30503	un.uomo in camicia rossa e un gilet blu e una donna.
30542	un.uomo in camicia rossa e un gilet blu e una donna.
30549	un.uomo in camicia rossa e un gilet blu e una donna.
30557	un.uomo in camicia rossa e un gilet blu e una donna.
30619	un.uomo in camicia rossa e un gilet blu e una donna.
30652	un.uomo in camicia rossa e un gilet blu e una donna.
30660	un.uomo in camicia rossa e un gilet blu e una donna.
30664	un.uomo in camicia rossa e un gilet blu e una donna.
30665	un.uomo in camicia rossa e un gilet blu e una donna.
30674	un.uomo in camicia rossa e un gilet blu e una donna.
3078	un.uomo in camicia rossa e un gilet blu e una donna.
30781	un.uomo in camicia rossa e un gilet blu e una donna.
3082	un.uomo in camicia rossa e un gilet blu e una donna.
30843	un.uomo in camicia rossa e un gilet blu e una donna.
3087	un.uomo in camicia rossa e un gilet blu e una donna.
30893	un.uomo in camicia rossa e un gilet blu e una donna.
30942	un.uomo in camicia rossa e un gilet blu e una donna.
30943	un.uomo in camicia rossa e un gilet blu e una donna.
3097	un.uomo in camicia rossa e un gilet blu e una donna.
3109	un.uomo in camicia rossa e un gilet blu e una donna.
3130	un.uomo in camicia rossa e un gilet blu e una donna.
3162	un.uomo in camicia rossa e un gilet blu e una donna.
318	un.uomo in camicia rossa e un gilet blu e una donna.
3245	un.uomo in camicia rossa e un gilet blu e una donna.
34	un.uomo in camicia rossa e un gilet blu e una donna.
340	un.uomo in camicia rossa e un gilet blu e una donna.
3412	un.uomo in camicia rossa e un gilet blu e una donna.
3437	un.uomo in camicia rossa e un gilet blu e una donna.
3451	un.uomo in camicia rossa e un gilet blu e una donna.
3459	un.uomo in camicia rossa e un gilet blu e una donna.
3476	un.uomo in camicia rossa e un gilet blu e una donna.
3500	un.uomo in camicia rossa e un gilet blu e una donna.
3539	un.uomo in camicia rossa e un gilet blu e una donna.
3648	un.uomo in camicia rossa e un gilet blu e una donna.
3701	un.uomo in camicia rossa e un gilet blu e una donna.
3703	un.uomo in camicia rossa e un gilet blu e una donna.
3724	un.uomo in camicia rossa e un gilet blu e una donna.
3771	un.uomo in camicia rossa e un gilet blu e una donna.
3774	un.uomo in camicia rossa e un gilet blu e una donna.
3826	un.uomo in camicia rossa e un gilet blu e una donna.
3834	un.uomo in camicia rossa e un gilet blu e una donna.
395	un.uomo in camicia rossa e un gilet blu e una donna.
3951	un.uomo in camicia rossa e un gilet blu e una donna.
3972	un.uomo in camicia rossa e un gilet blu e una donna.
4007	un.uomo in camicia rossa e un gilet blu e una donna.
4027	un.uomo in camicia rossa e un gilet blu e una donna.
4028	un.uomo in camicia rossa e un gilet blu e una donna.
4041	un.uomo in camicia rossa e un gilet blu e una donna.
4313	un.uomo in camicia rossa e un gilet blu e una donna.
4317	un.uomo in camicia rossa e un gilet blu e una donna.
434	un.uomo in camicia rossa e un gilet blu e una donna.
4343	un.uomo in camicia rossa e un gilet blu e una donna.
4367	un.uomo in camicia rossa e un gilet blu e una donna.
4402	un.uomo in camicia rossa e un gilet blu e una donna.
4452	un.uomo in camicia rossa e un gilet blu e una donna.
4501	un.uomo in camicia rossa e un gilet blu e una donna.
4510	un.uomo in camicia rossa e un gilet blu e una donna.
4556	un.uomo in camicia rossa e un gilet blu e una donna.
4562	un.uomo in camicia rossa e un gilet blu e una donna.
4663	un.uomo in camicia rossa e un gilet blu e una donna.
4686	un.uomo in camicia rossa e un gilet blu e una donna.
472	un.uomo in camicia rossa e un gilet blu e una donna.
4748	un.uomo in camicia rossa e un gilet blu e una donna.
4801	un.uomo in camicia rossa e un gilet blu e una donna.
4816	un.uomo in camicia rossa e un gilet blu e una donna.
487	un.uomo in camicia rossa e un gilet blu e una donna.
4879	un.uomo in camicia rossa e un gilet blu e una donna.
4881	un.uomo in camicia rossa e un gilet blu e una donna.
4882	un.uomo in camicia rossa e un gilet blu e una donna.
4902	un.uomo in camicia rossa e un gilet blu e una donna.
4942	un.uomo in camicia rossa e un gilet blu e una donna.
4981	un.uomo in camicia rossa e un gilet blu e una donna.
5016	un.uomo in camicia rossa e un gilet blu e una donna.
5056	un.uomo in camicia rossa e un gilet blu e una donna.
51	un.uomo in camicia rossa e un gilet blu e una donna.
5160	un.uomo in camicia rossa e un gilet blu e una donna.
5171	un.uomo in camicia rossa e un gilet blu e una donna.
520	un.uomo in camicia rossa e un gilet blu e una donna.
5240	un.uomo in camicia rossa e un gilet blu e una donna.
5261	un.uomo in camicia rossa e un gilet blu e una donna.
5327	un.uomo in camicia rossa e un gilet blu e una donna.
5330	un.uomo in camicia rossa e un gilet blu e una donna.
5343	un.uomo in camicia rossa e un gilet blu e una donna.
539	un.uomo in camicia rossa e un gilet blu e una donna.
5441	un.uomo in camicia rossa e un gilet blu e una donna.
5541	un.uomo in camicia rossa e un gilet blu e una donna.
5580	un.uomo in camicia rossa e un gilet blu e una donna.
5581	un.uomo in camicia rossa e un gilet blu e una donna.
5595	un.uomo in camicia rossa e un gilet blu e una donna.
5618	un.uomo in camicia rossa e un gilet blu e una donna.
5621	un.uomo in camicia rossa e un gilet blu e una donna.
565	un.uomo in camicia rossa e un gilet blu e una donna.
5701	un.uomo in camicia rossa e un gilet blu e una donna.
5724	un.uomo in camicia rossa e un gilet blu e una donna.
5743	un.uomo in camicia rossa e un gilet blu e una donna.
5760	un.uomo in camicia rossa e un gilet blu e una donna.
5763	un.uomo in camicia rossa e un gilet blu e una donna.
5767	un.uomo in camicia rossa e un gilet blu e una donna.
5807	un.uomo in camicia rossa e un gilet blu e una donna.
5835	un.uomo in camicia rossa e un gilet blu e una donna.
5854	un.uomo in camicia rossa e un gilet blu e una donna.
5867	un.uomo in camicia rossa e un gilet blu e una donna.
5881	un.uomo in camicia rossa e un gilet blu e una donna.
5947	un.uomo in camicia rossa e un gilet blu e una donna.
5964	un.uomo in camicia rossa e un gilet blu e una donna.
5970	un.uomo in camicia rossa e un gilet blu e una donna.
5989	un.uomo in camicia rossa e un gilet blu e una donna.
6002	un.uomo in camicia rossa e un gilet blu e una donna.
6005	un.uomo in camicia rossa e un gilet blu e una donna.
6008	un.uomo in camicia rossa e un gilet blu e una donna.
6031	un.uomo in camicia rossa e un gilet blu e una donna.
6067	un.uomo in camicia rossa e un gilet blu e una donna.
6068	un.uomo in camicia rossa e un gilet blu e una donna.
6078	un.uomo in camicia rossa e un gilet blu e una donna.
6127	un.uomo in camicia rossa e un gilet blu e una donna.
615	un.uomo in camicia rossa e un gilet blu e una donna.
6192	un.uomo in camicia rossa e un gilet blu e una donna.
6242	un.uomo in camicia rossa e un gilet blu e una donna.
6250	un.uomo in camicia rossa e un gilet blu e una donna.
6258	un.uomo in camicia rossa e un gilet blu e una donna.
6283	un.uomo in camicia rossa e un gilet blu e una donna.
6300	un.uomo in camicia rossa e un gilet blu e una donna.
6306	un.uomo in camicia rossa e un gilet blu e una donna.
6334	un.uomo in camicia rossa e un gilet blu e una donna.
6376	un.uomo in camicia rossa e un gilet blu e una donna.
6486	un.uomo in camicia rossa e un gilet blu e una donna.
6532	un.uomo in camicia rossa e un gilet blu e una donna.
654	un.uomo in camicia rossa e un gilet blu e una donna.
6549	un.uomo in camicia rossa e un gilet blu e una donna.
661	un.uomo in camicia rossa e un gilet blu e una donna.
6645	un.uomo in camicia rossa e un gilet blu e una donna.
6661	un.uomo in camicia rossa e un gilet blu e una donna.
6694	un.uomo in camicia rossa e un gilet blu e una donna.
670	un.uomo in camicia rossa e un gilet blu e una donna.
6733	un.uomo in camicia rossa e un gilet blu e una donna.
6781	un.uomo in camicia rossa e un gilet blu e una donna.
6796	un.uomo in camicia rossa e un gilet blu e una donna.
6830	un.uomo in camicia rossa e un gilet blu e una donna.
6921	un.uomo in camicia rossa e un gilet blu e una donna.
7153	un.uomo in camicia rossa e un gilet blu e una donna.
7170	un.uomo in camicia rossa e un gilet blu e una donna.
7263	un.uomo in camicia rossa e un gilet blu e una donna.
734	un.uomo in camicia rossa e un gilet blu e una donna.
748	un.uomo in camicia rossa e un gilet blu e una donna.
7492	un.uomo in camicia rossa e un gilet blu e una donna.
7507	un.uomo in camicia rossa e un gilet blu e una donna.
754	un.uomo in camicia rossa e un gilet blu e una donna.
7542	un.uomo in camicia rossa e un gilet blu e una donna.
7549	un.uomo in camicia rossa e un gilet blu e una donna.
7581	un.uomo in camicia rossa e un gilet blu e una donna.
7584	un.uomo in camicia rossa e un gilet blu e una donna.
7597	un.uomo in camicia rossa e un gilet blu e una donna.
760	un.uomo in camicia rossa e un gilet blu e una donna.
7631	un.uomo in camicia rossa e un gilet blu e una donna.
7639	un.uomo in camicia rossa e un gilet blu e una donna.
7682	un.uomo in camicia rossa e un gilet blu e una donna.
7702	un.uomo in camicia rossa e un gilet blu e una donna.
7739	un.uomo in camicia rossa e un gilet blu e una donna.
7750	un.uomo in camicia rossa e un gilet blu e una donna.
7791	un.uomo in camicia rossa e un gilet blu e una donna.
7874	un.uomo in camicia rossa e un gilet blu e una donna.
7881	un.uomo in camicia rossa e un gilet blu e una donna.
7909	un.uomo in camicia rossa e un gilet blu e una donna.
7912	un.uomo in camicia rossa e un gilet blu e una donna.
7921	un.uomo in camicia rossa e un gilet blu e una donna.
7962	un.uomo in camicia rossa e un gilet blu e una donna.
7973	un.uomo in camicia rossa e un gilet blu e una donna.
7986	un.uomo in camicia rossa e un gilet blu e una donna.
7996	un.uomo in camicia rossa e un gilet blu e una donna.
8015	un.uomo in camicia rossa e un gilet blu e una donna.
8023	un.uomo in camicia rossa e un gilet blu e una donna.
8054	un.uomo in camicia rossa e un gilet blu e una donna.
8070	un.uomo in camicia rossa e un gilet blu e una donna.
8079	un.uomo in camicia rossa e un gilet blu e una donna.
8084	un.uomo in camicia rossa e un gilet blu e una donna.
8175	un.uomo in camicia rossa e un gilet blu e una donna.
8185	un.uomo in camicia rossa e un gilet blu e una donna.
8199	un.uomo in camicia rossa e un gilet blu e una donna.
8225	un.uomo in camicia rossa e un gilet blu e una donna.
8267	un.uomo in camicia rossa e un gilet blu e una donna.
8274	un.uomo in camicia rossa e un gilet blu e una donna.
828	un.uomo in camicia rossa e un gilet blu e una donna.
8280	un.uomo in camicia rossa e un gilet blu e una donna.
8322	un.uomo in camicia rossa e un gilet blu e una donna.
8337	un.uomo in camicia rossa e un gilet blu e una donna.
8362	un.uomo in camicia rossa e un gilet blu e una donna.
8364	un.uomo in camicia rossa e un gilet blu e una donna.
8412	un.uomo in camicia rossa e un gilet blu e una donna.
8427	un.uomo in camicia rossa e un gilet blu e una donna.
8486	un.uomo in camicia rossa e un gilet blu e una donna.
8519	un.uomo in camicia rossa e un gilet blu e una donna.
8528	un.uomo in camicia rossa e un gilet blu e una donna.
8554	un.uomo in camicia rossa e un gilet blu e una donna.
856	un.uomo in camicia rossa e un gilet blu e una donna.
8561	un.uomo in camicia rossa e un gilet blu e una donna.
8611	un.uomo in camicia rossa e un gilet blu e una donna.
8631	un.uomo in camicia rossa e un gilet blu e una donna.
8654	un.uomo in camicia rossa e un gilet blu e una donna.
8674	un.uomo in camicia rossa e un gilet blu e una donna.
8708	un.uomo in camicia rossa e un gilet blu e una donna.
8740	un.uomo in camicia rossa e un gilet blu e una donna.
8766	un.uomo in camicia rossa e un gilet blu e una donna.
8776	un.uomo in camicia rossa e un gilet blu e una donna.
8811	un.uomo in camicia rossa e un gilet blu e una donna.
8831	un.uomo in camicia rossa e un gilet blu e una donna.
887	un.uomo in camicia rossa e un gilet blu e una donna.
8870	un.uomo in camicia rossa e un gilet blu e una donna.
8872	un.uomo in camicia rossa e un gilet blu e una donna.
89	un.uomo in camicia rossa e un gilet blu e una donna.
8903	un.uomo in camicia rossa e un gilet blu e una donna.
8940	un.uomo in camicia rossa e un gilet blu e una donna.
8982	un.uomo in camicia rossa e un gilet blu e una donna.
8993	un.uomo in camicia rossa e un gilet blu e una donna.
9013	un.uomo in camicia rossa e un gilet blu e una donna.
9039	un.uomo in camicia rossa e un gilet blu e una donna.
9042	un.uomo in camicia rossa e un gilet blu e una donna.
9058	un.uomo in camicia rossa e un gilet blu e una donna.
906	un.uomo in camicia rossa e un gilet blu e una donna.
9065	un.uomo in camicia rossa e un gilet blu e una donna.
9074	un.uomo in camicia rossa e un gilet blu e una donna.
9088	un.uomo in camicia rossa e un gilet blu e una donna.
917	un.uomo in camicia rossa e un gilet blu e una donna.
9223	un.uomo in camicia rossa e un gilet blu e una donna.
9241	un.uomo in camicia rossa e un gilet blu e una donna.
9242	un.uomo in camicia rossa e un gilet blu e una donna.
9266	un.uomo in camicia rossa e un gilet blu e una donna.
9274	un.uomo in camicia rossa e un gilet blu e una donna.
9285	un.uomo in camicia rossa e un gilet blu e una donna.
9308	un.uomo in camicia rossa e un gilet blu e una donna.
9323	un.uomo in camicia rossa e un gilet blu e una donna.
9328	un.uomo in camicia rossa e un gilet blu e una donna.
9342	un.uomo in camicia rossa e un gilet blu e una donna.
9354	un.uomo in camicia rossa e un gilet blu e una donna.
9492	un.uomo in camicia rossa e un gilet blu e una donna.
9502	un.uomo in camicia rossa e un gilet blu e una donna.
9506	un.uomo in camicia rossa e un gilet blu e una donna.
9519	un.uomo in camicia rossa e un gilet blu e una donna.
9531	un.uomo in camicia rossa e un gilet blu e una donna.
9572	un.uomo in camicia rossa e un gilet blu e una donna.
9579	un.uomo in camicia rossa e un gilet blu e una donna.
9592	un.uomo in camicia rossa e un gilet blu e una donna.
9598	un.uomo in camicia rossa e un gilet blu e una donna.
9609	un.uomo in camicia rossa e un gilet blu e una donna.
9673	un.uomo in camicia rossa e un gilet blu e una donna.
97	un.uomo in camicia rossa e un gilet blu e una donna.
972	un.uomo in camicia rossa e un gilet blu e una donna.
973	un.uomo in camicia rossa e un gilet blu e una donna.
9736	un.uomo in camicia rossa e un gilet blu e una donna.
9776	un.uomo in camicia rossa e un gilet blu e una donna.
9797	un.uomo in camicia rossa e un gilet blu e una donna.
9803	un.uomo in camicia rossa e un gilet blu e una donna.
9885	un.uomo in camicia rossa e un gilet blu e una donna.
9888	un.uomo in camicia rossa e un gilet blu e una donna.
9908	un.uomo in camicia rossa e un gilet blu e una donna.
9911	un.uomo in camicia rossa e un gilet blu e una donna.
9959	un.uomo in camicia rossa e un gilet blu e una donna.
9978	un.uomo in camicia rossa e un gilet blu e una donna.
9979	un.uomo in camicia rossa e un gilet blu e una donna.
